DROP TABLE IF EXISTS RECENZIJA CASCADE;
DROP TABLE IF EXISTS STATUS CASCADE;
DROP TABLE IF EXISTS STAVKANARUDZBE CASCADE;
DROP TABLE IF EXISTS NARUDZBA CASCADE;
DROP TABLE IF EXISTS CJENIK CASCADE;
DROP TABLE IF EXISTS ADRESA CASCADE;
DROP TABLE IF EXISTS OBRT CASCADE;
DROP TABLE IF EXISTS PRIVATNAOSOBA CASCADE;
DROP TABLE IF EXISTS VRSTARUBLJA CASCADE;
DROP TABLE IF EXISTS KORISNIK CASCADE;

CREATE TABLE KORISNIK
(
    DatumRegistracije DATE         NOT NULL,
    KorisnikID        UUID         NOT NULL,
    Email             VARCHAR(100) NOT NULL,
    Lozinka           VARCHAR(50)  NOT NULL,
    Telefon           VARCHAR(20)  NOT NULL,
    PRIMARY KEY (KorisnikID),
    UNIQUE (Email)
);

CREATE TABLE PRIVATNAOSOBA
(
    Ime           VARCHAR(50) NOT NULL,
    Prezime       VARCHAR(50) NOT NULL,
    KorisnickoIme VARCHAR(50) NOT NULL,
    KorisnikID    UUID        NOT NULL,
    PRIMARY KEY (KorisnickoIme, KorisnikID),
    UNIQUE (KorisnickoIme),
    FOREIGN KEY (KorisnikID) REFERENCES KORISNIK(KorisnikID)
);

CREATE TABLE OBRT
(
    IBAN       CHAR(34)     NOT NULL,
    Naziv      VARCHAR(100) NOT NULL,
    KorisnikID UUID         NOT NULL,
    PRIMARY KEY (IBAN, KorisnikID),
    UNIQUE (IBAN),
    FOREIGN KEY (KorisnikID) REFERENCES KORISNIK(KorisnikID)
);

CREATE TABLE ADRESA
(
    AdresaID      UUID        NOT NULL,
    Ulica         VARCHAR(50) NOT NULL,
    KucniBroj     VARCHAR(10) NOT NULL,
    Grad          VARCHAR(30) NOT NULL,
    PostanskiBroj CHAR(5)     NOT NULL,
    KorisnikID    UUID        NOT NULL,
    PRIMARY KEY (AdresaID),
    FOREIGN KEY (KorisnikID) REFERENCES KORISNIK(KorisnikID)
);

CREATE TABLE VRSTARUBLJA
(
    VrstaRubljaID UUID        NOT NULL,
    Naziv         VARCHAR(50) NOT NULL,
    PRIMARY KEY (VrstaRubljaID)
);

CREATE TABLE CJENIK
(
    CjenikID                  UUID         NOT NULL,
    CijenaPoKg                NUMERIC(8,2) NOT NULL,
    MultiplikatorNeradnogDana NUMERIC(4,2) NOT NULL,
    IBAN                      CHAR(34)     NOT NULL,
    VrstaRubljaID             UUID         NOT NULL,
    PRIMARY KEY (CjenikID),
    FOREIGN KEY (IBAN)          REFERENCES OBRT(IBAN),
    FOREIGN KEY (VrstaRubljaID) REFERENCES VRSTARUBLJA(VrstaRubljaID)
);

CREATE TABLE NARUDZBA
(
    NarudzbaID       UUID          NOT NULL,
    DatumNarucivanja DATE          NOT NULL,
    UkupniIznos      NUMERIC(10,2) NOT NULL,
    TerminPrikupa    DATE          NOT NULL,
    KorisnickoIme    VARCHAR(50)   NOT NULL,
    IBAN             CHAR(34)      NOT NULL,
    AdresaID         UUID          NOT NULL,
    PRIMARY KEY (NarudzbaID),
    FOREIGN KEY (KorisnickoIme) REFERENCES PRIVATNAOSOBA(KorisnickoIme),
    FOREIGN KEY (IBAN)          REFERENCES OBRT(IBAN),
    FOREIGN KEY (AdresaID)      REFERENCES ADRESA(AdresaID)
);

CREATE TABLE STAVKANARUDZBE
(
    StavkaID      UUID         NOT NULL,
    Kolicina      NUMERIC(6,2) NOT NULL,
    NarudzbaID    UUID         NOT NULL,
    VrstaRubljaID UUID         NOT NULL,
    PRIMARY KEY (StavkaID),
    FOREIGN KEY (NarudzbaID)    REFERENCES NARUDZBA(NarudzbaID),
    FOREIGN KEY (VrstaRubljaID) REFERENCES VRSTARUBLJA(VrstaRubljaID)
);

CREATE TABLE STATUS
(
    StatusID          UUID        NOT NULL,
    NazivStatusa      VARCHAR(50) NOT NULL,
    VrijemeAzuriranja TIMESTAMP   NOT NULL,
    NarudzbaID        UUID        NOT NULL,
    PRIMARY KEY (StatusID),
    FOREIGN KEY (NarudzbaID) REFERENCES NARUDZBA(NarudzbaID)
);

CREATE TABLE RECENZIJA
(
    RecenzijaID    UUID     NOT NULL,
    Ocjena         SMALLINT NOT NULL CHECK (Ocjena BETWEEN 1 AND 5),
    Komentar       TEXT     NOT NULL,
    DatumRecenzije DATE     NOT NULL,
    NarudzbaID     UUID     NOT NULL,
    PRIMARY KEY (RecenzijaID),
    UNIQUE (NarudzbaID),
    FOREIGN KEY (NarudzbaID) REFERENCES NARUDZBA(NarudzbaID)
);

INSERT INTO VRSTARUBLJA (VrstaRubljaID, Naziv) VALUES
                                                   ('a1000001-0000-0000-0000-000000000001', 'Košulje'),
                                                   ('a1000001-0000-0000-0000-000000000002', 'Hlače'),
                                                   ('a1000001-0000-0000-0000-000000000003', 'Donje rublje'),
                                                   ('a1000001-0000-0000-0000-000000000004', 'Zavjese'),
                                                   ('a1000001-0000-0000-0000-000000000005', 'Posteljina'),
                                                   ('a1000001-0000-0000-0000-000000000006', 'Jakne i kaputi'),
                                                   ('a1000001-0000-0000-0000-000000000007', 'Dječja odjeća');

INSERT INTO KORISNIK (KorisnikID, DatumRegistracije, Email, Lozinka, Telefon) VALUES
                                                                                  ('b2000001-0000-0000-0000-000000000001', '2024-01-10', 'ana.horvat@email.com',      'hash_loz_001', '0911234567'),
                                                                                  ('b2000001-0000-0000-0000-000000000002', '2024-02-14', 'marko.novak@email.com',     'hash_loz_002', '0922345678'),
                                                                                  ('b2000001-0000-0000-0000-000000000003', '2024-03-05', 'ivana.kovac@email.com',     'hash_loz_003', '0913456789'),
                                                                                  ('b2000001-0000-0000-0000-000000000004', '2024-04-20', 'petar.babic@email.com',     'hash_loz_004', '0984567890'),
                                                                                  ('b2000001-0000-0000-0000-000000000005', '2024-05-15', 'maja.juric@email.com',      'hash_loz_005', '0955678901'),
                                                                                  ('b2000001-0000-0000-0000-000000000006', '2024-01-05', 'glacanje.zagreb@email.com', 'hash_loz_006', '0916789012'),
                                                                                  ('b2000001-0000-0000-0000-000000000007', '2024-02-01', 'peglanje.split@email.com',  'hash_loz_007', '0927890123'),
                                                                                  ('b2000001-0000-0000-0000-000000000008', '2024-03-15', 'obrt.brizura@email.com',    'hash_loz_008', '0938901234');

INSERT INTO PRIVATNAOSOBA (Ime, Prezime, KorisnickoIme, KorisnikID) VALUES
                                                                        ('Ana',   'Horvat', 'ana.horvat',  'b2000001-0000-0000-0000-000000000001'),
                                                                        ('Marko', 'Novak',  'marko.novak', 'b2000001-0000-0000-0000-000000000002'),
                                                                        ('Ivana', 'Kovač',  'ivana.kovac', 'b2000001-0000-0000-0000-000000000003'),
                                                                        ('Petar', 'Babić',  'petar.babic', 'b2000001-0000-0000-0000-000000000004'),
                                                                        ('Maja',  'Jurić',  'maja.juric',  'b2000001-0000-0000-0000-000000000005');

INSERT INTO OBRT (IBAN, Naziv, KorisnikID) VALUES
                                               ('HR1210010051863000160', 'Glačanje Zagreb d.o.o.', 'b2000001-0000-0000-0000-000000000006'),
                                               ('HR6824020061100000091', 'Peglanje Split obrt',    'b2000001-0000-0000-0000-000000000007'),
                                               ('HR3525000091501000157', 'Brižura obrt',           'b2000001-0000-0000-0000-000000000008');

INSERT INTO ADRESA (AdresaID, Ulica, KucniBroj, Grad, PostanskiBroj, KorisnikID) VALUES
                                                                                     ('c3000001-0000-0000-0000-000000000001', 'Ilica',                  '42',  'Zagreb', '10000', 'b2000001-0000-0000-0000-000000000001'),
                                                                                     ('c3000001-0000-0000-0000-000000000002', 'Vukovarska',             '15',  'Zagreb', '10000', 'b2000001-0000-0000-0000-000000000001'),
                                                                                     ('c3000001-0000-0000-0000-000000000003', 'Petrinjska',             '22',  'Zagreb', '10000', 'b2000001-0000-0000-0000-000000000002'),
                                                                                     ('c3000001-0000-0000-0000-000000000004', 'Mažuranićevo šetalište', '3',   'Split',  '21000', 'b2000001-0000-0000-0000-000000000003'),
                                                                                     ('c3000001-0000-0000-0000-000000000005', 'Domovinskog rata',       '7',   'Split',  '21000', 'b2000001-0000-0000-0000-000000000003'),
                                                                                     ('c3000001-0000-0000-0000-000000000006', 'Ulica grada Vukovara',   '88',  'Zagreb', '10000', 'b2000001-0000-0000-0000-000000000004'),
                                                                                     ('c3000001-0000-0000-0000-000000000007', 'Savska',                 '100', 'Zagreb', '10000', 'b2000001-0000-0000-0000-000000000004'),
                                                                                     ('c3000001-0000-0000-0000-000000000008', 'Ilica',                  '10',  'Zagreb', '10000', 'b2000001-0000-0000-0000-000000000005'),
                                                                                     ('c3000001-0000-0000-0000-000000000009', 'Maksimirska',            '55',  'Zagreb', '10000', 'b2000001-0000-0000-0000-000000000005');

INSERT INTO CJENIK (CjenikID, CijenaPoKg, MultiplikatorNeradnogDana, IBAN, VrstaRubljaID) VALUES
                                                                                              ('d4000001-0000-0000-0000-000000000001', 2.50, 1.50, 'HR1210010051863000160', 'a1000001-0000-0000-0000-000000000001'),
                                                                                              ('d4000001-0000-0000-0000-000000000002', 2.00, 1.50, 'HR1210010051863000160', 'a1000001-0000-0000-0000-000000000002'),
                                                                                              ('d4000001-0000-0000-0000-000000000003', 1.50, 1.50, 'HR1210010051863000160', 'a1000001-0000-0000-0000-000000000003'),
                                                                                              ('d4000001-0000-0000-0000-000000000004', 3.00, 1.50, 'HR1210010051863000160', 'a1000001-0000-0000-0000-000000000004'),
                                                                                              ('d4000001-0000-0000-0000-000000000005', 2.00, 1.50, 'HR1210010051863000160', 'a1000001-0000-0000-0000-000000000005'),
                                                                                              ('d4000001-0000-0000-0000-000000000006', 2.20, 1.30, 'HR6824020061100000091', 'a1000001-0000-0000-0000-000000000001'),
                                                                                              ('d4000001-0000-0000-0000-000000000007', 1.80, 1.30, 'HR6824020061100000091', 'a1000001-0000-0000-0000-000000000002'),
                                                                                              ('d4000001-0000-0000-0000-000000000008', 1.40, 1.30, 'HR6824020061100000091', 'a1000001-0000-0000-0000-000000000003'),
                                                                                              ('d4000001-0000-0000-0000-000000000009', 2.80, 1.30, 'HR6824020061100000091', 'a1000001-0000-0000-0000-000000000004'),
                                                                                              ('d4000001-0000-0000-0000-000000000010', 2.80, 1.20, 'HR3525000091501000157', 'a1000001-0000-0000-0000-000000000001'),
                                                                                              ('d4000001-0000-0000-0000-000000000011', 2.40, 1.20, 'HR3525000091501000157', 'a1000001-0000-0000-0000-000000000002'),
                                                                                              ('d4000001-0000-0000-0000-000000000012', 1.80, 1.20, 'HR3525000091501000157', 'a1000001-0000-0000-0000-000000000005'),
                                                                                              ('d4000001-0000-0000-0000-000000000013', 3.50, 1.20, 'HR3525000091501000157', 'a1000001-0000-0000-0000-000000000006'),
                                                                                              ('d4000001-0000-0000-0000-000000000014', 1.60, 1.20, 'HR3525000091501000157', 'a1000001-0000-0000-0000-000000000007');

INSERT INTO NARUDZBA (NarudzbaID, DatumNarucivanja, UkupniIznos, TerminPrikupa, KorisnickoIme, IBAN, AdresaID) VALUES
                                                                                                                   ('e5000001-0000-0000-0000-000000000001', '2024-06-01', 37.50, '2024-06-03', 'ana.horvat',  'HR1210010051863000160', 'c3000001-0000-0000-0000-000000000001'),
                                                                                                                   ('e5000001-0000-0000-0000-000000000002', '2024-06-15', 22.00, '2024-06-17', 'marko.novak', 'HR6824020061100000091', 'c3000001-0000-0000-0000-000000000003'),
                                                                                                                   ('e5000001-0000-0000-0000-000000000003', '2024-07-10', 54.00, '2024-07-12', 'ivana.kovac', 'HR3525000091501000157', 'c3000001-0000-0000-0000-000000000004'),
                                                                                                                   ('e5000001-0000-0000-0000-000000000004', '2024-07-20', 18.50, '2024-07-22', 'ana.horvat',  'HR6824020061100000091', 'c3000001-0000-0000-0000-000000000002'),
                                                                                                                   ('e5000001-0000-0000-0000-000000000005', '2024-08-05', 31.20, '2024-08-07', 'petar.babic', 'HR1210010051863000160', 'c3000001-0000-0000-0000-000000000006'),
                                                                                                                   ('e5000001-0000-0000-0000-000000000006', '2024-08-20', 15.00, '2024-08-22', 'marko.novak', 'HR3525000091501000157', 'c3000001-0000-0000-0000-000000000003'),
                                                                                                                   ('e5000001-0000-0000-0000-000000000007', '2024-09-12', 44.80, '2024-09-14', 'maja.juric',  'HR1210010051863000160', 'c3000001-0000-0000-0000-000000000008'),
                                                                                                                   ('e5000001-0000-0000-0000-000000000008', '2024-09-25', 27.60, '2024-09-27', 'ivana.kovac', 'HR6824020061100000091', 'c3000001-0000-0000-0000-000000000005'),
                                                                                                                   ('e5000001-0000-0000-0000-000000000009', '2024-10-01', 63.00, '2024-10-03', 'petar.babic', 'HR3525000091501000157', 'c3000001-0000-0000-0000-000000000007'),
                                                                                                                   ('e5000001-0000-0000-0000-000000000010', '2024-10-15', 19.80, '2024-10-17', 'maja.juric',  'HR1210010051863000160', 'c3000001-0000-0000-0000-000000000009');

INSERT INTO STAVKANARUDZBE (StavkaID, Kolicina, NarudzbaID, VrstaRubljaID) VALUES
                                                                               ('f6000001-0000-0000-0000-000000000001', 5.00,  'e5000001-0000-0000-0000-000000000001', 'a1000001-0000-0000-0000-000000000001'),
                                                                               ('f6000001-0000-0000-0000-000000000002', 8.00,  'e5000001-0000-0000-0000-000000000001', 'a1000001-0000-0000-0000-000000000005'),
                                                                               ('f6000001-0000-0000-0000-000000000003', 6.00,  'e5000001-0000-0000-0000-000000000001', 'a1000001-0000-0000-0000-000000000003'),
                                                                               ('f6000001-0000-0000-0000-000000000004', 4.00,  'e5000001-0000-0000-0000-000000000002', 'a1000001-0000-0000-0000-000000000002'),
                                                                               ('f6000001-0000-0000-0000-000000000005', 3.00,  'e5000001-0000-0000-0000-000000000002', 'a1000001-0000-0000-0000-000000000003'),
                                                                               ('f6000001-0000-0000-0000-000000000006', 4.50,  'e5000001-0000-0000-0000-000000000002', 'a1000001-0000-0000-0000-000000000001'),
                                                                               ('f6000001-0000-0000-0000-000000000007', 6.00,  'e5000001-0000-0000-0000-000000000003', 'a1000001-0000-0000-0000-000000000004'),
                                                                               ('f6000001-0000-0000-0000-000000000008', 9.00,  'e5000001-0000-0000-0000-000000000003', 'a1000001-0000-0000-0000-000000000005'),
                                                                               ('f6000001-0000-0000-0000-000000000009', 6.00,  'e5000001-0000-0000-0000-000000000003', 'a1000001-0000-0000-0000-000000000006'),
                                                                               ('f6000001-0000-0000-0000-000000000010', 3.00,  'e5000001-0000-0000-0000-000000000004', 'a1000001-0000-0000-0000-000000000001'),
                                                                               ('f6000001-0000-0000-0000-000000000011', 3.50,  'e5000001-0000-0000-0000-000000000004', 'a1000001-0000-0000-0000-000000000002'),
                                                                               ('f6000001-0000-0000-0000-000000000012', 3.80,  'e5000001-0000-0000-0000-000000000004', 'a1000001-0000-0000-0000-000000000003'),
                                                                               ('f6000001-0000-0000-0000-000000000013', 7.00,  'e5000001-0000-0000-0000-000000000005', 'a1000001-0000-0000-0000-000000000005'),
                                                                               ('f6000001-0000-0000-0000-000000000014', 4.00,  'e5000001-0000-0000-0000-000000000005', 'a1000001-0000-0000-0000-000000000007'),
                                                                               ('f6000001-0000-0000-0000-000000000015', 4.00,  'e5000001-0000-0000-0000-000000000005', 'a1000001-0000-0000-0000-000000000001'),
                                                                               ('f6000001-0000-0000-0000-000000000016', 5.00,  'e5000001-0000-0000-0000-000000000006', 'a1000001-0000-0000-0000-000000000001'),
                                                                               ('f6000001-0000-0000-0000-000000000017', 8.00,  'e5000001-0000-0000-0000-000000000007', 'a1000001-0000-0000-0000-000000000004'),
                                                                               ('f6000001-0000-0000-0000-000000000018', 6.00,  'e5000001-0000-0000-0000-000000000008', 'a1000001-0000-0000-0000-000000000001'),
                                                                               ('f6000001-0000-0000-0000-000000000019', 5.50,  'e5000001-0000-0000-0000-000000000008', 'a1000001-0000-0000-0000-000000000002'),
                                                                               ('f6000001-0000-0000-0000-000000000020', 5.00,  'e5000001-0000-0000-0000-000000000009', 'a1000001-0000-0000-0000-000000000006'),
                                                                               ('f6000001-0000-0000-0000-000000000021', 7.00,  'e5000001-0000-0000-0000-000000000009', 'a1000001-0000-0000-0000-000000000004'),
                                                                               ('f6000001-0000-0000-0000-000000000022', 12.00, 'e5000001-0000-0000-0000-000000000009', 'a1000001-0000-0000-0000-000000000005'),
                                                                               ('f6000001-0000-0000-0000-000000000023', 5.00,  'e5000001-0000-0000-0000-000000000010', 'a1000001-0000-0000-0000-000000000007'),
                                                                               ('f6000001-0000-0000-0000-000000000024', 4.50,  'e5000001-0000-0000-0000-000000000010', 'a1000001-0000-0000-0000-000000000003'),
                                                                               ('f6000001-0000-0000-0000-000000000025', 2.20,  'e5000001-0000-0000-0000-000000000010', 'a1000001-0000-0000-0000-000000000001');

INSERT INTO STATUS (StatusID, NazivStatusa, VrijemeAzuriranja, NarudzbaID) VALUES
                                                                               ('a7000001-0000-0000-0000-000000000001', 'Zaprimljeno', '2024-06-01 09:00:00', 'e5000001-0000-0000-0000-000000000001'),
                                                                               ('a7000001-0000-0000-0000-000000000002', 'Prihvaćeno',  '2024-06-01 10:30:00', 'e5000001-0000-0000-0000-000000000001'),
                                                                               ('a7000001-0000-0000-0000-000000000003', 'U obradi',    '2024-06-02 08:00:00', 'e5000001-0000-0000-0000-000000000001'),
                                                                               ('a7000001-0000-0000-0000-000000000004', 'Završeno',    '2024-06-03 15:00:00', 'e5000001-0000-0000-0000-000000000001'),
                                                                               ('a7000001-0000-0000-0000-000000000005', 'Preuzeto',    '2024-06-04 11:00:00', 'e5000001-0000-0000-0000-000000000001'),
                                                                               ('a7000001-0000-0000-0000-000000000006', 'Zaprimljeno', '2024-06-15 11:00:00', 'e5000001-0000-0000-0000-000000000002'),
                                                                               ('a7000001-0000-0000-0000-000000000007', 'Prihvaćeno',  '2024-06-15 14:00:00', 'e5000001-0000-0000-0000-000000000002'),
                                                                               ('a7000001-0000-0000-0000-000000000008', 'Završeno',    '2024-06-17 16:00:00', 'e5000001-0000-0000-0000-000000000002'),
                                                                               ('a7000001-0000-0000-0000-000000000009', 'Zaprimljeno', '2024-07-10 14:00:00', 'e5000001-0000-0000-0000-000000000003'),
                                                                               ('a7000001-0000-0000-0000-000000000010', 'Prihvaćeno',  '2024-07-10 15:00:00', 'e5000001-0000-0000-0000-000000000003'),
                                                                               ('a7000001-0000-0000-0000-000000000011', 'U obradi',    '2024-07-11 08:30:00', 'e5000001-0000-0000-0000-000000000003'),
                                                                               ('a7000001-0000-0000-0000-000000000012', 'Preuzeto',    '2024-07-13 10:00:00', 'e5000001-0000-0000-0000-000000000003'),
                                                                               ('a7000001-0000-0000-0000-000000000013', 'Zaprimljeno', '2024-07-20 08:30:00', 'e5000001-0000-0000-0000-000000000004'),
                                                                               ('a7000001-0000-0000-0000-000000000014', 'Prihvaćeno',  '2024-07-20 10:00:00', 'e5000001-0000-0000-0000-000000000004'),
                                                                               ('a7000001-0000-0000-0000-000000000015', 'Završeno',    '2024-07-22 14:00:00', 'e5000001-0000-0000-0000-000000000004'),
                                                                               ('a7000001-0000-0000-0000-000000000016', 'Zaprimljeno', '2024-08-05 09:15:00', 'e5000001-0000-0000-0000-000000000005'),
                                                                               ('a7000001-0000-0000-0000-000000000017', 'Prihvaćeno',  '2024-08-05 11:00:00', 'e5000001-0000-0000-0000-000000000005'),
                                                                               ('a7000001-0000-0000-0000-000000000018', 'Zaprimljeno', '2024-08-20 16:00:00', 'e5000001-0000-0000-0000-000000000006'),
                                                                               ('a7000001-0000-0000-0000-000000000019', 'Odbijeno',    '2024-08-20 17:30:00', 'e5000001-0000-0000-0000-000000000006'),
                                                                               ('a7000001-0000-0000-0000-000000000020', 'Zaprimljeno', '2024-09-12 13:00:00', 'e5000001-0000-0000-0000-000000000007'),
                                                                               ('a7000001-0000-0000-0000-000000000021', 'Odbijeno',    '2024-09-12 14:30:00', 'e5000001-0000-0000-0000-000000000007'),
                                                                               ('a7000001-0000-0000-0000-000000000022', 'Zaprimljeno', '2024-09-25 10:00:00', 'e5000001-0000-0000-0000-000000000008'),
                                                                               ('a7000001-0000-0000-0000-000000000023', 'Prihvaćeno',  '2024-09-25 11:30:00', 'e5000001-0000-0000-0000-000000000008'),
                                                                               ('a7000001-0000-0000-0000-000000000024', 'Zaprimljeno', '2024-10-01 10:00:00', 'e5000001-0000-0000-0000-000000000009'),
                                                                               ('a7000001-0000-0000-0000-000000000025', 'Prihvaćeno',  '2024-10-01 11:30:00', 'e5000001-0000-0000-0000-000000000009'),
                                                                               ('a7000001-0000-0000-0000-000000000026', 'U obradi',    '2024-10-02 09:00:00', 'e5000001-0000-0000-0000-000000000009'),
                                                                               ('a7000001-0000-0000-0000-000000000027', 'Završeno',    '2024-10-03 17:00:00', 'e5000001-0000-0000-0000-000000000009'),
                                                                               ('a7000001-0000-0000-0000-000000000028', 'Zaprimljeno', '2024-10-15 15:30:00', 'e5000001-0000-0000-0000-000000000010'),
                                                                               ('a7000001-0000-0000-0000-000000000029', 'Prihvaćeno',  '2024-10-15 17:00:00', 'e5000001-0000-0000-0000-000000000010');

INSERT INTO RECENZIJA (RecenzijaID, Ocjena, Komentar, DatumRecenzije, NarudzbaID) VALUES
                                                                                      ('b8000001-0000-0000-0000-000000000001', 5, 'Odlična usluga, rublje besprijekorno izglačano i na vrijeme preuzeto. Toplo preporučujem!',    '2024-06-05', 'e5000001-0000-0000-0000-000000000001'),
                                                                                      ('b8000001-0000-0000-0000-000000000002', 4, 'Dobra usluga, rublje uredno izglačano. Jedino bih volio malo brže preuzimanje.',               '2024-06-20', 'e5000001-0000-0000-0000-000000000002'),
                                                                                      ('b8000001-0000-0000-0000-000000000003', 5, 'Fantastično! Zavjese kao nove, jakne savršeno izglačane. Definitivno ću se ponovno naručiti.', '2024-07-15', 'e5000001-0000-0000-0000-000000000003'),
                                                                                      ('b8000001-0000-0000-0000-000000000004', 3, 'Solidna usluga, ali košulje nisu bile baš savršeno izglačane oko ovratnika.',                  '2024-07-25', 'e5000001-0000-0000-0000-000000000004'),
                                                                                      ('b8000001-0000-0000-0000-000000000005', 5, 'Sve pohvale! Jakne i zavjese kao iz praonice, brza dostava i ljubazna komunikacija.',          '2024-10-06', 'e5000001-0000-0000-0000-000000000009');